code,world,sector,arena,category,description
P0001,트윈리,뒷산,산책로,산책/등산,"교내 건물 뒤편 나무 사이로 이어진 조용한 야외 산책로. 공강에 혼자 머리를 식히거나, 친구와 천천히 걸으며 이야기하거나, 가볍게 오르며 운동하기 좋다."
P0002,트윈리,본관,앞뜰,공원/광장,"본관 앞 잔디와 계단이 있는 탁 트인 야외 공간. 약속한 사람을 기다리거나, 사진을 찍거나, 계단에 앉아 커피를 마시며 쉬기 좋다."
P0003,트윈리,본관,교수 면담실,직장/업무,"교수와 학생이 마주 앉아 수업과 진로를 상담하는 조용한 실내 면담실. 과제나 성적을 묻거나, 대학원·취업 고민을 상담하거나, 추천서를 부탁하러 찾아간다."
P0004,트윈리,본관,행정실,공공기관,"등록금과 장학금, 휴학·복학 같은 교내 행정 업무를 처리하는 본관 사무실. 서류를 내거나, 안내를 묻거나, 처리 결과를 확인하러 들른다."
P0005,트윈리,본관,학사행정 창구,공공기관,"학적과 수강 관련 서류를 접수하고 학사 안내를 받는 창구. 증명서를 발급받거나, 수강 정정을 문의하거나, 졸업 요건을 확인하러 잠깐 들른다."
P0006,트윈리,연못,쉼터,공원/광장,"연못을 바라보며 벤치에 앉아 쉬는 조용한 야외 쉼터. 공강에 혼자 생각을 정리하거나, 친구와 커피를 들고 와 이야기하거나, 책을 읽기 좋다."
P0007,트윈리,정문,광장,공원/광장,"게시판과 시계가 있는 정문 앞 넓은 광장으로 사람들이 많이 오간다. 약속 장소로 만나거나, 행사 안내를 살펴보거나, 등하교 길에 잠깐 인사를 나누기 좋다."
P0008,트윈리,정문,버스정류장,교통시설,"정문 앞 등하교 버스가 서는 정류장. 버스를 기다리며 휴대전화를 보거나, 수업을 마친 친구와 헤어지거나, 함께 탈 사람을 기다린다."
P0009,트윈리,정문,주차장,교통시설,"정문 옆 교내 주차장. 차를 세우거나, 태워 줄 사람을 기다리거나, 짐을 싣고 함께 출발할 준비를 한다."
P0010,트윈리,정문,순환버스 정류장,교통시설,"캠퍼스 안을 도는 순환버스를 기다리는 교내 정류장. 먼 강의동으로 이동하거나, 비 오는 날 걷지 않고 건물 사이를 오갈 때 이용한다."
P0011,트윈리,후문,골목,산책/등산,"후문에서 주변 가게들로 이어지는 좁은 골목길. 수업 뒤 친구와 걸으며 밥집을 고르거나, 귀가 전 짧게 이야기하거나, 혼자 천천히 걸어 나간다."
P0012,트윈리,후문,버스정류장,교통시설,"후문 쪽 하교 버스가 서는 정류장. 수업을 마치고 버스를 기다리거나, 후문 상권으로 가기 전 일행과 만나는 자리로 쓴다."
P0013,성북구,후문 상권,은행,생활서비스,"현금인출기가 있는 학교 앞 은행 지점. 현금을 찾거나, 통장과 카드 업무를 보거나, 장학금과 월세 관련 송금을 처리한다."
P0014,성북구,후문 상권,의원,의료시설,"학교 앞 동네 의원. 감기나 몸살 같은 가벼운 증상으로 진료를 받거나, 처방전을 받거나, 건강 상태를 상담한다."
P0015,성북구,후문 상권,사진관,생활서비스,"증명사진과 기념사진을 찍는 학교 앞 사진관. 이력서나 학생증 사진을 찍거나, 친구와 기념사진을 남기거나, 사진을 인화한다."
P0016,성북구,후문 상권,주택가 골목,산책/등산,"교문 뒤 원룸과 주택 사이로 이어지는 조용한 골목. 자취방으로 귀가하거나, 밤에 산책하거나, 친구를 집 앞까지 바래다줄 때 지난다."
P0017,성북구,후문 상권,알라딘 중고서점,서점/문구,"중고 교재와 책을 사고파는 학교 앞 대형 중고서점. 지난 학기 교재를 팔거나, 싼 값에 전공책을 구하거나, 서가를 둘러보며 읽을 책을 고른다."
P0018,성북구,후문 상권,고반식당,음식점,"고기를 구워 먹는 학교 앞 고깃집으로 여럿이 앉기 좋고 시끌벅적하다. 동아리 뒤풀이나 팀플 회식을 하거나, 친구와 저녁에 술을 곁들여 식사한다."
P0019,성북구,후문 상권,국수나무,음식점,"국수와 덮밥을 파는 학교 앞 간편 식당. 공강에 혼자 빠르게 한 끼를 먹거나, 친구와 가볍게 점심을 해결한다."
P0020,성북구,후문 상권,김밥천국,음식점,"김밥과 분식, 백반을 싸게 파는 학교 앞 식당. 혼자 빠르게 끼니를 때우거나, 김밥을 포장해 가거나, 시험 기간에 늦게 간단히 먹는다."
P0021,성북구,후문 상권,라화쿵부,음식점,"재료를 골라 담아 먹는 학교 앞 마라탕 가게. 친구와 매운 음식을 먹으러 가거나, 혼자 한 그릇 먹거나, 수업 사이 저녁을 해결한다."
P0022,성북구,후문 상권,먹자골목,시장/상가,"작은 음식점과 술집이 모여 있는 교문 앞 거리. 친구와 걸으며 밥집이나 술집을 고르거나, 간식을 사 먹거나, 밤에 2차 갈 곳을 찾는다."
P0023,성북구,후문 상권,스포애니,운동시설,"러닝머신과 운동기구가 있는 학교 앞 헬스장. 수업 전후로 근력 운동을 하거나, 친구와 같이 운동하거나, 혼자 운동 루틴을 이어 간다."
P0024,성북구,후문 상권,인쌩맥주,술집,"맥주와 가벼운 안주를 파는 학교 앞 호프집으로 여럿이 떠들기 좋다. 동아리 모임 뒤 맥주를 마시거나, 친구와 늦게까지 이야기하거나, 시험이 끝난 날 뒤풀이를 한다."
P0025,성북구,후문 상권,준오헤어,생활서비스,"머리를 자르고 염색이나 펌을 하는 학교 앞 미용실. 머리를 다듬거나, 새로운 스타일을 시도하거나, 중요한 약속 전에 손질을 받는다."
P0026,성북구,후문 상권,한신포차,술집,"안주와 소주를 파는 시끌벅적한 대학가 포차. 수업이나 모임 뒤 친구들과 술을 마시거나, 뒤풀이를 하거나, 편하게 수다를 떤다."
P0027,성북구,후문 상권,신전떡볶이,음식점,"매운 떡볶이와 튀김을 파는 학교 앞 분식집. 친구와 나눠 먹거나, 포장해 가거나, 공강에 간식처럼 가볍게 배를 채운다."
P0028,성북구,후문 상권,프린트카페,생활서비스,"셀프 출력과 복사, 제본을 할 수 있는 학교 앞 인쇄 가게. 과제와 발표 자료를 출력하거나, 수업 자료를 제본하거나, 급하게 스캔한다."
P0029,성북구,후문 상권,크린토피아 코인워시,생활서비스,"세탁기와 건조기를 직접 쓰는 학교 앞 셀프 빨래방. 빨래를 돌려 놓고 기다리며 휴대전화를 보거나, 이불 같은 큰 빨래를 하거나, 잠깐 공부한다."
P0030,성북구,후문 상권,투썸플레이스,카페,"커피와 케이크를 파는 학교 앞 체인 카페로 좌석이 넉넉하다. 노트북으로 과제를 하거나, 팀플 회의를 하거나, 친구와 디저트를 먹으며 이야기한다."
P0031,성북구,후문 상권,작심스터디카페,도서관/학습,"칸막이 좌석이 있는 조용한 학교 앞 스터디카페. 시험공부나 과제에 오래 집중하거나, 노트북 작업을 하거나, 도서관 자리가 없을 때 대신 간다."
P0032,성북구,후문 상권,프리모바치오바치,음식점,"파스타와 피자를 파는 분위기 밝은 학교 앞 양식당. 친구와 점심을 먹거나, 데이트나 생일 약속을 하거나, 조금 특별한 저녁을 먹는다."
P0033,성북구,후문 상권,세븐스타코인노래방,노래방/게임,"곡 단위로 돈을 넣는 학교 앞 코인노래방. 수업 뒤 친구와 노래를 부르거나, 혼자 스트레스를 풀거나, 술자리 뒤 2차로 들른다."
P0034,성북구,후문 상권,도요스6가,음식점,"해산물 덮밥을 파는 학교 앞 식당. 혼자 조용히 한 그릇 먹거나, 친구와 점심이나 저녁을 해결한다."
P0035,성북구,후문 상권,CU,편의점,"밖에 테이블이 놓인 후문 앞 편의점. 간식과 음료를 사거나, 컵라면을 먹으며 쉬거나, 밤에 맥주 한 캔을 사서 친구와 이야기한다."
P0036,성북구,후문 상권,라이또PC방,노래방/게임,"늦게까지 게임을 할 수 있는 학교 앞 PC방. 친구와 온라인 게임을 하거나, 혼자 게임에 집중하거나, 공강 시간을 보낸다."
P0037,트윈리,야외 휴게구역,지정 흡연구역,학생생활,"건물 밖에 따로 마련된 흡연 구역. 담배를 피우며 잠깐 쉬거나, 같은 흡연자끼리 짧게 이야기를 나눈다."
P0038,트윈리,간호관,실습실,강의/실습,"모형 환자와 침상, 의료 기구가 갖춰진 간호학과 실습실. 간호 술기를 연습하거나, 상황별 대처를 모의로 해 보거나, 실습 기록을 정리한다."
P0039,트윈리,경영관,라운지,학생생활,"소파와 테이블이 있는 경영관 라운지. 수업 사이 커피를 마시며 쉬거나, 팀원과 짧게 회의하거나, 노트북으로 과제를 한다."
P0040,트윈리,경영관,대형강의실,강의/실습,"계단식 좌석의 경영관 대형 강의실. 여럿이 함께 강의를 듣고, 수업 전후에는 옆자리 사람과 필기를 맞추거나 과제를 묻는다."
P0041,트윈리,경영관,그룹스터디룸,도서관/학습,"화이트보드와 모니터가 있는 경영관 예약제 스터디룸. 팀 발표를 준비하거나, 사례 분석 회의를 하거나, 조용히 함께 공부한다."
P0042,트윈리,공학관,로비,학생생활,"자판기와 의자가 있는 공학관 입구의 넓은 로비. 실습 전후 음료를 마시며 쉬거나, 같이 작업할 사람을 기다리거나, 잠깐 이야기를 나눈다."
P0043,트윈리,공학관,옥상,학생생활,"바람이 잘 부는 공학관 꼭대기의 야외 옥상. 작업 사이 머리를 식히거나, 팀원과 잠깐 대화하거나, 밤에 캠퍼스 야경을 본다."
P0044,트윈리,공학관,강의실,강의/실습,"칠판과 빔프로젝터가 있는 공학관 일반 강의실. 이론 강의를 듣거나 문제를 풀고, 수업 전후에는 옆자리 사람과 과제 이야기를 나눈다."
P0045,트윈리,공학관,실습실,강의/실습,"컴퓨터와 실습 장비가 줄지어 놓인 공학관 실습실. 코딩이나 실습 과제를 하거나, 수업 뒤 남아 프로젝트를 이어 가거나, 막힌 부분을 옆자리 사람과 같이 풀어 본다."
P0046,트윈리,공학관,연구실,직장/업무,"교수와 대학원생이 연구하는 공학관 연구실. 실험 결과를 분석하거나 논문을 정리하고, 학부 연구생으로 일하거나 교수를 찾아간다."
P0047,트윈리,공학관,캡스톤 작업실,강의/실습,"작업대와 공구, 모니터가 있는 팀 프로젝트 작업실. 설계와 제작을 진행하거나, 팀 회의를 하거나, 밤늦게 남아 결과물을 다듬는다."
P0048,트윈리,교양관,앞 쉼터,학생생활,"벤치가 놓인 교양관 앞 야외 쉼터. 수업 전후 잠깐 쉬거나, 같은 수업을 듣는 사람을 기다리거나, 친구와 간식을 먹으며 이야기한다."
P0049,트윈리,교양관,대형강의실,강의/실습,"여러 전공 학생이 함께 교양 강의를 듣는 계단식 대형 강의실. 수업 전후에는 처음 보는 사람과 자리를 두고 인사하거나 필기를 빌리기도 한다."
P0050,트윈리,박물관,전시실,전시/박물관,"교내 박물관의 조용한 상설 전시실. 소장 유물과 자료를 둘러보거나, 공강에 혼자 시간을 보내거나, 수업 과제로 관람 기록을 남긴다."
P0051,트윈리,방송국,스튜디오,학생회관/동아리,"녹음 장비와 마이크가 있는 교내 방송국 스튜디오. 교내 방송을 녹음하거나, 영상과 라디오 콘텐츠를 만들거나, 방송 기획 회의를 한다."
P0052,트윈리,법학관,열람실,도서관/학습,"판례집과 법학 자료가 있는 아주 조용한 법학관 열람실. 시험공부에 오래 집중하거나, 법학 자료를 찾아 읽거나, 혼자 과제를 한다."
P0053,트윈리,법학관,모의법정,강의/실습,"실제 법정처럼 꾸민 모의법정. 역할을 나눠 재판 절차를 시연하거나, 논거를 발표하거나, 법학 수업에서 판례를 놓고 토론한다."
P0054,트윈리,보건소,진료실,의료시설,"교내 보건소의 진료실. 가벼운 증상을 상담하거나, 상비약을 받거나, 몸이 안 좋을 때 잠시 누워 쉰다."
P0055,트윈리,사범관,강의실,강의/실습,"사범관의 일반 강의실. 교육 이론 강의를 듣거나 토론하고, 수업 전후에는 같은 과 사람들과 교직 과정 이야기를 나눈다."
P0056,트윈리,사범관,모의수업실,강의/실습,"칠판과 교탁이 있는 교실 모양의 모의수업실. 교사 역할로 수업을 시연하거나, 동료의 의견을 듣거나, 임용 준비 스터디를 한다."
P0057,트윈리,생활관,식당,음식점,"기숙사생이 주로 먹는 생활관 식당. 아침이나 저녁을 먹으며 하루를 시작하거나 마무리하고, 같은 층 사람과 식판을 들고 함께 앉는다."
P0058,트윈리,생활관,옥상 쉼터,학생생활,"기숙사 옥상의 야외 쉼터. 저녁에 바람을 쐬거나, 룸메이트와 이야기하거나, 전화 통화를 하러 올라온다."
P0059,트윈리,생활관,세탁실,생활서비스,"기숙사 공용 세탁실. 빨래를 돌리고 기다리며 휴대전화를 보거나, 같은 건물 사람과 마주쳐 짧게 인사를 나눈다."
P0060,트윈리,생활관,열람실,도서관/학습,"기숙사 안의 조용한 열람실. 늦은 시간까지 공부하거나, 다음 수업을 준비하거나, 방에서 집중이 안 될 때 내려와 책을 읽는다."
P0061,트윈리,생활관,헬스장,운동시설,"기숙사 안의 작은 헬스장. 저녁에 근력 운동이나 러닝머신을 하거나, 룸메이트와 같이 운동하거나, 가볍게 몸을 푼다."
P0062,트윈리,생활관,공용주방,학생생활,"기숙사생이 함께 쓰는 공용 주방. 라면이나 간단한 요리를 해 먹거나, 야식을 나눠 먹거나, 같은 층 사람과 이야기를 나눈다."
P0063,트윈리,생활관,공용라운지,학생생활,"소파가 있는 기숙사 1층 공용 라운지. 택배나 방문객을 기다리거나, 친구와 이야기하거나, 방 밖에서 잠깐 쉰다."
P0064,트윈리,예술관,소극장,공연장,"객석 가까이에 작은 무대가 있는 교내 소극장. 연극이나 동아리 공연을 보거나, 리허설을 하거나, 발표회를 연다."
P0065,트윈리,예술관,연습실,강의/실습,"거울과 넓은 바닥이 있는 예술관 연습실. 연기나 춤 동작을 맞추거나, 공연 동선을 연습하거나, 몸을 풀며 스트레칭한다."
P0066,트윈리,예술관,작업실,강의/실습,"이젤과 작업대가 있는 예술관 제작실. 그림이나 조형 작업을 하거나, 디자인 과제를 완성하거나, 조용히 혼자 작업에 몰두한다."
P0067,트윈리,예술관,전시실,전시/박물관,"학생 작품을 거는 교내 전시실. 전시를 둘러보며 감상을 나누거나, 친구 작품을 보러 가거나, 공강에 조용히 시간을 보낸다."
P0068,트윈리,체육센터,체육관,운동시설,"실내 코트와 관중석이 있는 교내 체육관. 배드민턴이나 농구 같은 실내 운동을 하거나, 체육 수업을 듣거나, 교내 경기를 관람한다."
P0069,트윈리,체육센터,수영장,운동시설,"레인이 나뉜 교내 실내 수영장. 수영 수업을 듣거나, 혼자 꾸준히 운동하거나, 친구와 함께 수영한다."
P0070,트윈리,운동장,트랙,운동시설,"트랙과 스탠드가 있는 교내 운동장. 트랙을 따라 달리거나 걷고, 스탠드에 앉아 쉬거나, 밤에 친구와 이야기한다."
P0071,트윈리,운동장,잔디구장,운동시설,"넓은 인조 잔디가 깔린 교내 구장. 축구나 야구를 하거나, 팀을 나눠 연습 경기를 하거나, 가장자리에 앉아 경기를 구경한다."
P0072,트윈리,운동장,풋살장,운동시설,"펜스로 둘러싸인 교내 풋살장. 소규모 팀을 나눠 풋살을 하거나, 친구와 공을 차며 몸을 풀거나, 경기를 구경한다."
P0073,트윈리,운동장,농구코트,운동시설,"야외 농구 골대가 있는 코트. 친구와 농구를 하거나, 혼자 슛 연습을 하거나, 벤치에 앉아 경기를 구경한다."
P0074,트윈리,운동장,테니스코트,운동시설,"네트가 설치된 야외 테니스 코트. 테니스를 배우거나, 파트너와 공을 주고받거나, 가볍게 운동한다."
P0075,트윈리,음악관,연습실,강의/실습,"피아노와 방음 시설이 있는 음악관 연습실. 악기를 연습하거나, 작은 합주를 맞추거나, 노래 연습을 한다."
P0076,트윈리,음악관,소공연장,공연장,"작은 무대와 객석이 있는 음악관 공연장. 교내 연주회를 듣거나, 음악 수업 발표 공연을 보거나, 동아리 공연을 연다."
P0077,트윈리,의학관,도서관,도서관/학습,"의학 교재와 자료가 모인 조용한 의학관 도서관. 시험공부에 집중하거나, 자료를 찾아 읽거나, 혼자 과제를 한다."
P0078,트윈리,의학관,해부학 실습실,강의/실습,"의대생이 수업 시간에 해부 실습을 하고 관찰 내용을 기록하는 전용 실습실. 수업이 아닐 때는 들어가지 않는 제한된 공간이다."
P0079,트윈리,인문관,강의실,강의/실습,"인문관의 일반 강의실. 인문 분야 강의를 듣거나 글을 함께 읽고 토론하며, 수업 전후에는 옆자리 사람과 과제 이야기를 나눈다."
P0080,트윈리,인문관,세미나실,강의/실습,"큰 테이블에 둘러앉는 소규모 세미나실. 글과 사료를 함께 읽으며 발표와 토론을 하거나, 스터디 모임을 한다."
P0081,트윈리,인문관,휴게라운지,학생생활,"창가 좌석이 있는 인문관 휴게 라운지. 수업 사이 책을 읽거나, 동기와 이야기하거나, 커피를 마시며 쉰다."
P0082,트윈리,정경관,강의실,강의/실습,"정경관의 일반 강의실. 정치와 경제 강의를 듣고 필기하며, 수업 전후에는 같은 수업 사람들과 과제나 시험 이야기를 나눈다."
P0083,트윈리,정경관,세미나실,강의/실습,"소규모 토론 수업을 하는 정경관 세미나실. 발표와 토론을 하거나, 팀별로 자료를 검토하거나, 스터디 모임을 한다."
P0084,트윈리,정경관,휴게공간,학생생활,"의자가 놓인 정경관 복도 휴게 공간. 수업 전후 잠시 앉아 쉬거나, 다음 수업을 기다리거나, 친구와 짧게 이야기한다."
P0085,트윈리,학보사,편집실,학생회관/동아리,"학생 기자들이 학보를 만드는 편집실. 기사를 쓰고 교정하거나, 취재 계획 회의를 하거나, 마감 전 늦게까지 작업한다."
P0086,트윈리,문과대 서관,옥상,학생생활,"문과대 서관 꼭대기의 조용한 야외 옥상. 바람을 쐬며 생각을 정리하거나, 친구와 잠깐 이야기하거나, 혼자 쉬어 간다."
P0087,트윈리,문과대 서관,강의실,강의/실습,"문과대 서관의 일반 강의실. 인문 분야 수업을 듣고 자료를 함께 읽으며, 수업 전후에는 옆자리 사람과 의견을 나눈다."
P0088,트윈리,노천극장,계단 객석,공연장,"계단식 좌석이 있는 야외 노천극장. 야외 공연을 보거나, 공연이 없을 때 계단에 앉아 쉬거나, 친구와 도시락을 먹는다."
P0089,트윈리,대학병원,대합실,의료시설,"대학병원 외래 대합실. 진료 순서를 기다리거나, 병원에 온 가족이나 친구와 만나거나, 검사 결과를 기다린다."
P0090,성북구,대학앞역,대합실,교통시설,"대학 앞 지하철역 대합실. 등하교 길에 일행을 기다리거나, 약속 장소로 만나거나, 비를 피해 잠깐 머문다."
P0091,성북구,대학앞역,승강장,교통시설,"대학 앞 지하철역 승강장. 열차를 기다리며 하교하거나, 다른 동네로 이동할 준비를 한다."
P0092,트윈리,대학원관,연구실,직장/업무,"대학원생이 함께 쓰는 연구실. 논문을 읽고 연구 자료를 정리하거나, 공동 연구 회의를 하거나, 학부 연구생으로 일한다."
P0093,트윈리,대학원관,휴게실,학생생활,"대학원관의 작은 휴게실. 연구 사이 커피를 마시며 머리를 식히거나, 다른 연구실 사람과 이야기를 나눈다."
P0094,트윈리,미디어관,촬영 스튜디오,강의/실습,"카메라와 조명, 배경지가 갖춰진 촬영 스튜디오. 영상 과제를 촬영하거나, 인터뷰나 사진을 찍거나, 촬영 작업을 함께 한다."
P0095,트윈리,미디어관,시사실,영화관,"스크린과 좌석이 있는 소규모 상영실. 영화나 학생 작품을 함께 보거나, 영화 수업을 듣거나, 감상을 나누는 모임을 한다."
P0096,트윈리,미디어관,편집실,강의/실습,"편집용 컴퓨터가 줄지어 있는 미디어관 편집실. 촬영한 영상을 편집하거나, 소리를 다듬거나, 미디어 과제를 늦게까지 완성한다."
P0097,트윈리,중앙광장,시계탑 잔디밭,공원/광장,"시계탑을 중심으로 잔디와 벤치가 펼쳐진 캠퍼스 한가운데 광장. 약속 장소로 만나거나, 잔디에 앉아 쉬거나, 날씨 좋은 날 친구와 간식을 먹는다."
P0098,트윈리,중앙광장,지하 스터디룸,도서관/학습,"중앙광장 아래의 조용한 실내 스터디룸. 팀 과제를 준비하거나, 발표 연습을 하거나, 소규모로 함께 공부한다."
P0099,트윈리,중앙광장,캠퍼스 산책길,산책/등산,"강의동 사이로 가로수가 이어진 캠퍼스 보행로. 건물 사이를 오가거나, 친구와 천천히 걸으며 이야기하거나, 가볍게 산책한다."
P0100,트윈리,학생회관,앞 광장,공원/광장,"행사 부스가 자주 서는 학생회관 앞 넓은 광장. 오가며 사람을 만나거나, 동아리 홍보 부스를 둘러보거나, 벤치에서 쉰다."
P0101,트윈리,학생회관,과방,학생회관/동아리,"같은 전공 학생들이 함께 쓰는 과방. 공강에 쉬거나, 선후배와 수업과 과제 이야기를 나누거나, 과 행사를 준비한다."
P0102,트윈리,학생회관,서점,서점/문구,"전공 교재와 문구를 파는 교내 서점. 학기 초 교재를 사거나, 필기구를 고르거나, 필요한 책을 주문한다."
P0103,트윈리,학생회관,카페,카페,"창가와 테라스 좌석이 있는 학생회관 교내 카페. 공강에 커피를 마시며 과제를 하거나, 친구와 이야기하거나, 팀플 회의를 한다."
P0104,트윈리,학생회관,옥상 휴게공간,학생생활,"학생회관 옥상의 야외 휴게 공간. 바람을 쐬며 쉬거나, 조용히 이야기를 나누거나, 전화 통화를 하러 올라온다."
P0105,트윈리,학생회관,라운지,학생생활,"소파와 테이블이 있고 사람이 많이 오가는 학생회관 라운지. 공강을 보내거나, 과제 이야기를 나누거나, 일행을 기다린다."
P0106,트윈리,학생회관,복사실,생활서비스,"학생회관의 교내 복사실. 수업 자료를 복사하거나, 과제와 발표 자료를 출력하거나, 제본을 맡긴다."
P0107,트윈리,학생회관,우체국,공공기관,"학생회관 안의 작은 우체국. 택배를 보내거나, 우편 업무를 보거나, 소포를 찾으러 들른다."
P0108,트윈리,학생회관,편의점,편의점,"앞에 테이블이 놓인 학생회관 교내 편의점. 간식과 음료를 사거나, 컵라면을 먹으며 쉬거나, 수업 사이 끼니를 때운다."
P0109,트윈리,학생회관,동아리 연습실,학생회관/동아리,"방음이 된 공용 동아리 연습실. 밴드 합주나 춤 연습을 하거나, 공연 동작을 맞추거나, 동아리 모임을 한다."
P0110,트윈리,학생회관,동아리방,학생회관/동아리,"동아리들이 모이는 학생회관 모임방. 동아리 회의를 하거나, 활동 사이 함께 쉬거나, 부원끼리 간식을 먹으며 이야기한다."
P0111,트윈리,학생회관,학생식당,음식점,"값이 싸고 자리가 많아 점심시간에 줄이 길게 서는 교내 학생식당. 혼자 빠르게 먹거나, 친구와 식판을 들고 함께 앉는다."
P0112,트윈리,학생회관,교직원식당,음식점,"교직원이 주로 이용하는 학생회관의 조용한 별도 식당. 학생식당이 붐빌 때 조용히 점심을 먹거나, 혼자 천천히 식사한다."
P0113,트윈리,학생회관,총학생회실,학생회관/동아리,"총학생회 임원들이 쓰는 사무실. 학생회 회의를 하거나, 교내 행사를 준비하거나, 학생 의견을 모은 설문을 정리한다."
P0114,트윈리,학생회관,푸드코트,음식점,"여러 메뉴 코너가 모인 교내 푸드코트. 각자 먹고 싶은 음식을 골라 함께 앉아 먹거나, 혼자 빠르게 식사한다."
P0115,트윈리,국제교류관,라운지,학생생활,"유학생과 한국 학생이 오가는 국제교류관 라운지. 언어 교환을 하거나, 교류 프로그램 참가자를 기다리거나, 외국어로 이야기를 나눈다."
P0116,트윈리,국제교류관,어학강의실,강의/실습,"외국어 수업을 하는 국제교류관 강의실. 듣기와 말하기를 연습하거나, 짝과 회화를 하거나, 어학 수업을 듣는다."
P0117,트윈리,사회과학관,로비,학생생활,"사회과학관 입구의 로비. 수업을 기다리거나, 쉬는 시간에 동기와 만나거나, 자판기 음료를 마신다."
P0118,트윈리,사회과학관,강의실,강의/실습,"사회과학관의 일반 강의실. 사회학과 심리학 강의를 듣고 필기하며, 수업 전후에는 같은 수업 사람과 과제 이야기를 나눈다."
P0119,트윈리,사회과학관,세미나실,강의/실습,"소규모 발표 수업을 하는 사회과학관 세미나실. 조사 결과를 발표하거나, 팀원과 토론하거나, 스터디 모임을 한다."
P0120,트윈리,언어교육원,강의실,강의/실습,"외국어 강좌를 여는 언어교육원 강의실. 외국어 수업을 듣거나, 짝과 말하기를 연습하거나, 어학 스터디를 한다."
P0121,트윈리,자연과학관,강의실,강의/실습,"자연과학관의 일반 강의실. 과학과 수학 이론을 배우고 문제를 풀며, 수업 전후에는 옆자리 사람과 풀이를 맞춘다."
P0122,트윈리,자연과학관,실험실,강의/실습,"실험대와 기구가 갖춰진 자연과학 실험실. 실험 수업을 듣거나, 조별로 관찰하고 기록하거나, 실험 보고서를 정리한다."
P0123,트윈리,자연과학관,휴게공간,학생생활,"벤치가 있는 자연과학관 복도 휴게 공간. 실험이나 강의 사이 앉아 쉬거나, 동기와 짧게 이야기하거나, 간식을 먹는다."
P0124,트윈리,중앙도서관,옥상 정원,공원/광장,"도서관 옥상에 꾸민 야외 정원. 공부하다 바람을 쐬러 나오거나, 가볍게 걸으며 머리를 식히거나, 친구와 잠깐 이야기한다."
P0125,트윈리,중앙도서관,열람실,도서관/학습,"칸막이 책상이 줄지어 있는 아주 조용한 중앙도서관 열람실. 시험공부에 오래 집중하거나, 혼자 책을 읽거나, 과제를 한다."
P0126,트윈리,중앙도서관,자료실,도서관/학습,"서가가 빽빽한 중앙도서관 자료실. 필요한 책을 찾거나, 서가 사이에서 자료를 읽거나, 대출할 책을 고른다."
P0127,트윈리,중앙도서관,노트북실,도서관/학습,"노트북을 쓸 수 있는 중앙도서관 작업실. 보고서를 쓰거나, 자료를 정리하거나, 타자 소리를 신경 쓰지 않고 과제를 한다."
P0128,트윈리,중앙도서관,스터디룸,도서관/학습,"예약해서 쓰는 도서관 스터디룸. 팀 과제나 발표를 준비하거나, 소리 내어 함께 공부하거나, 소규모 회의를 한다."
P0129,트윈리,중앙도서관,휴게라운지,학생생활,"대화가 허용되는 도서관 1층 휴게 라운지. 공부하다 나와 쉬거나, 도서관에서 만날 사람을 기다리거나, 간식을 먹는다."
P0130,트윈리,백주년기념관,로비,학생생활,"넓고 천장이 높은 기념관 로비. 강연이나 행사 전에 일행을 기다리거나, 잠깐 앉아 쉬거나, 행사 뒤 사람들과 인사를 나눈다."
P0131,트윈리,백주년기념관,그룹실,도서관/학습,"여럿이 쓰는 기념관 그룹실. 발표나 면접을 연습하거나, 공동 과제를 준비하거나, 스터디 모임을 한다."
P0132,트윈리,백주년기념관,대강당,공연장,"수백 명이 들어가는 교내 대강당. 초청 강연이나 큰 교내 행사를 듣거나, 공연을 관람한다."
P0133,트윈리,창업보육센터,창업동아리방,학생회관/동아리,"창업 동아리가 쓰는 모임방. 아이디어 회의를 하거나, 발표를 준비하거나, 시제품을 함께 검토한다."
P0134,트윈리,창업보육센터,사무실,직장/업무,"학생 창업팀이 입주한 창업 사무실. 사업 아이디어를 구체화하거나, 팀원과 공동 작업을 하거나, 시제품을 함께 점검한다."
P0135,트윈리,학생지원센터,취업지원센터,직장/업무,"취업 상담과 자료를 제공하는 교내 센터. 이력서와 자기소개서를 첨삭받거나, 면접을 준비하거나, 채용 정보를 찾아본다."
P0136,트윈리,학생지원센터,학생상담센터,학생생활,"상담사와 마주 앉는 조용한 학생 상담 공간. 개인적인 고민을 털어놓거나, 진로나 마음 건강 상담을 받거나, 생각을 정리한다."
P0137,트윈리,동아리연합회관,회의실,학생회관/동아리,"여러 동아리 대표가 모이는 동아리연합회 회의실. 동아리 활동과 행사를 조율하거나, 여러 동아리의 공동 행사를 준비한다."
P0138,트윈리,동아리연합회관,앞마당,공원/광장,"동아리연합회관 앞의 야외 마당. 동아리 안내를 살펴보거나, 부원과 만나거나, 날씨 좋은 날 모여 앉아 이야기한다."
P0139,성북구,학생 거리,세븐스타 코인노래방,노래방/게임,"곡 단위로 부르는 대학가 코인노래방. 공부를 마친 친구와 노래를 부르거나, 혼자 스트레스를 풀거나, 술자리 뒤 2차로 들른다."
P0140,성북구,학생 거리,라이또PC방,노래방/게임,"늦게까지 게임을 할 수 있는 대학가 PC방. 친구와 함께 게임을 하거나, 혼자 플레이에 집중하거나, 공강 시간을 보낸다."
P0141,성북구,학생 거리,투썸플레이스 2층 공부석,도서관/학습,"공부하는 손님이 많은 투썸플레이스 2층의 조용한 좌석. 음료를 곁에 두고 과제에 집중하거나, 노트북으로 작업하거나, 시험공부를 한다."
P0142,성북구,학생 거리,박군포차,술집,"안주가 푸짐하고 시끌벅적한 대학가 포차. 친구들과 소주를 마시거나, 뒤풀이를 하거나, 늦게까지 편하게 이야기한다."
P0143,성북구,학생 거리,이츠 스테이크,음식점,"스테이크 덮밥을 파는 대학가 식당. 친구와 든든하게 점심을 먹거나, 혼자 한 끼를 해결한다."
P0144,성북구,학생 거리,CU 편의점,편의점,"안쪽에 테이블이 있는 대학가 편의점. 간식과 음료를 사거나, 컵라면을 먹으며 잠깐 쉬거나, 밤에 맥주를 사 간다."
P0145,성북구,학생 거리,개운사길,산책/등산,"동네 음식점과 주택가 사이로 이어지는 오르막 골목길. 걸어서 이동하거나, 혼자 생각을 정리하며 산책하거나, 친구와 천천히 걷는다."
P0146,성북구,학생 거리,모심,음식점,"집밥 같은 한식을 파는 동네 식당. 수업 전후 든든하게 한 끼를 먹거나, 친구와 조용히 식사하며 이야기한다."
P0147,성북구,학생 거리,고른햇살,음식점,"김밥과 분식을 파는 작은 분식집. 가볍게 배를 채우거나, 김밥을 포장해 가거나, 친구와 간식을 나눠 먹는다."
P0148,성북구,학생 거리,지하철역 대합실,교통시설,"안암의 지하철역 대합실. 지하철을 타러 가거나, 안암에서 만날 사람을 기다리거나, 비를 피해 잠깐 머문다."
P0149,성북구,학생 거리,지하철역 승강장,교통시설,"안암의 지하철역 승강장. 일과를 마치고 돌아가거나, 약속 장소로 갈 열차를 기다린다."
P0150,성북구,학생 거리,버스정류장,교통시설,"안암 큰길의 버스정류장. 버스를 기다리며 다음 이동을 준비하거나, 함께 탈 일행을 기다린다."
P0151,성북구,학생 거리,별난주점,술집,"대학가의 아늑한 주점. 안주와 술을 곁들여 저녁 약속을 하거나, 몇 명이서 조용히 이야기하거나, 모임 뒤 2차로 들른다."
P0152,성북구,학생 거리,맥주창고,술집,"다양한 병맥주를 골라 마시는 술집. 친구와 가볍게 한잔하거나, 새로운 맥주를 맛보거나, 편하게 이야기를 나눈다."
P0153,성북구,학생 거리,이세돈까스,음식점,"돈가스 전문 대학가 식당. 혼자 든든하게 점심을 먹거나, 친구와 가볍게 식사한다."
P0154,성북구,학생 거리,투썸플레이스 참살이길점,카페,"커피와 디저트를 파는 대학가 체인 카페. 노트북을 펴고 혼자 과제를 하거나, 팀플 회의를 하거나, 약속 전에 기다리기 좋다."
P0155,성북구,학생 거리,모닝글로리 문구점,서점/문구,"필기구와 노트, 과제 준비물을 파는 동네 문구점. 학용품을 사거나, 선물용 소품을 고르거나, 발표 준비물을 구한다."
P0156,성북구,학생 거리,겨울 붕어빵 노점,음식점,"찬 바람이 불 때만 여는 길가 붕어빵 노점. 따뜻한 붕어빵을 사서 걸으며 먹거나, 친구와 나눠 먹는다."
P0157,성북구,학생 거리,올리브영,패션/뷰티 쇼핑,"화장품과 생활 미용용품을 파는 매장. 필요한 제품을 비교해 사거나, 선물을 고르거나, 지나가다 구경한다."
P0158,성북구,학생 거리,탐앤탐스,카페,"늦게까지 열고 좌석이 넉넉한 대학가 체인 카페. 음료를 두고 오래 공부하거나, 친구와 이야기하거나, 약속을 기다린다."
P0159,종로구,극장가,대학로 보행거리,산책/등산,"극장과 음식점이 늘어선 활기찬 대학로 거리. 공연 전 시간을 보내거나, 일행과 만나거나, 친구와 걸으며 구경한다."
P0160,종로구,극장가,독일주택,술집,"주택을 개조한 아늑한 맥주 술집. 친구나 연인과 느긋하게 맥주를 마시거나, 공연 뒤 이야기를 나누거나, 조용한 분위기에서 한잔한다."
P0161,종로구,극장가,학림다방,카페,"오래된 다방 분위기의 조용한 카페. 커피를 마시며 혼자 생각을 정리하거나, 책을 읽거나, 차분하게 이야기를 나눈다."
P0162,종로구,극장가,대학로 아트센터,공연장,"연극과 공연이 열리는 대학로 공연장. 공연을 관람하거나, 공연 전 로비에서 일행을 기다리거나, 공연 뒤 감상을 나눈다."
P0163,종로구,극장가,연극실험실 1번지,공연장,"무대와 객석이 가까운 작은 연극 극장. 소극장 연극을 보거나, 공연 뒤 감상을 나누거나, 친구와 공연 데이트를 한다."
P0164,종로구,극장가,도담,술집,"막걸리와 전을 파는 한식 주점. 식사와 막걸리를 곁들이거나, 공연 뒤 이야기를 나누거나, 비 오는 날 친구와 전을 먹는다."
P0165,종로구,극장가,나누미떡볶이,음식점,"대학로의 떡볶이 가게. 친구와 분식을 나눠 먹거나, 출출할 때 가볍게 배를 채우거나, 공연 전 간단히 먹는다."
P0166,종로구,극장가,칼국수,음식점,"진한 국물의 칼국수를 파는 오래된 식당. 점심을 해결하거나, 추운 날 따뜻한 국수를 먹거나, 친구와 함께 식사한다."
P0167,종로구,극장가,지하철역 앞 택시 승강장,교통시설,"지하철역 앞의 택시 타는 곳. 늦은 약속을 마치고 택시를 기다리거나, 짐이 많을 때 택시를 탄다."
P0168,종로구,극장가,지하철역 대합실,교통시설,"혜화의 지하철역 대합실. 공연 약속 전에 일행을 기다리거나, 귀가 방향을 정하거나, 비를 피해 잠깐 머문다."
P0169,종로구,극장가,지하철역 승강장,교통시설,"혜화의 지하철역 승강장. 공연을 보고 돌아가거나, 다른 동네로 이동할 열차를 기다린다."
P0170,종로구,극장가,버스정류장,교통시설,"혜화 큰길의 버스정류장. 공연이나 약속을 마친 뒤 버스를 기다리거나, 함께 탈 일행을 기다린다."
P0171,종로구,극장가,작심스터디카페 명륜점,도서관/학습,"칸막이 좌석이 있는 조용한 스터디카페. 시험공부에 오래 집중하거나, 노트북으로 과제를 하거나, 혼자 책을 읽는다."
P0172,종로구,극장가,명륜동 주택가 골목,산책/등산,"대학가 주택 사이의 조용한 골목. 자취방으로 귀가하거나, 밤에 혼자 산책하거나, 친구를 바래다준다."
P0173,종로구,극장가,박군포차 명륜점,술집,"안주가 푸짐하고 시끌벅적한 포차. 친구들과 저녁 술자리를 하거나, 뒤풀이를 하거나, 늦게까지 이야기한다."
P0174,종로구,극장가,명륜 한식집밥,음식점,"밥과 반찬이 나오는 대학가 백반집. 혼자 평범한 점심을 먹거나, 친구와 든든하게 한 끼를 해결한다."
P0175,종로구,극장가,칸다소바 대학로점,음식점,"소바와 면 요리를 파는 식당. 혼자 조용히 한 끼를 먹거나, 친구와 가볍게 식사한다."
P0176,종로구,극장가,CU 편의점,편의점,"혜화의 동네 편의점. 간단한 먹거리를 사거나, 잠시 앉아 쉬거나, 밤에 음료와 간식을 사 간다."
P0177,종로구,극장가,마로니에공원,공원/광장,"나무와 벤치가 있고 거리 공연이 자주 열리는 도심 공원. 공연 전후 사람들과 만나거나, 벤치에 앉아 쉬거나, 버스킹을 구경한다."
P0178,종로구,극장가,동숭동커피,카페,"골목 안 작은 로스터리 카페. 산책을 쉬어 가며 커피를 마시거나, 조용히 이야기하거나, 혼자 책을 읽는다."
P0179,종로구,극장가,이화동 벽화마을 골목,산책/등산,"벽화가 그려진 언덕 위 주택가 골목. 그림과 풍경을 보며 걷거나, 사진을 찍거나, 친구와 천천히 산책한다."
P0180,종로구,극장가,낙산공원 한양도성길,산책/등산,"성곽을 따라 이어지고 동네 풍경이 내려다보이는 언덕 산책길. 산책하며 경치를 보거나, 벤치에 앉아 쉬거나, 저녁에 야경을 보며 이야기한다."
P0181,종로구,극장가,스타벅스,카페,"좌석이 넓은 체인 카페. 커피를 마시며 약속 상대를 기다리거나, 노트북으로 과제를 하거나, 친구와 이야기한다."
P0182,성북구,문화 마을,주민센터,공공기관,"동네 행정 업무를 보는 주민센터. 전입 신고나 서류 발급을 하거나, 동네 안내를 묻는다."
P0183,성북구,문화 마을,어린이공원,공원/광장,"놀이터와 벤치가 있는 작은 동네 공원. 산책하다 벤치에서 쉬거나, 조용히 통화하거나, 아이들이 노는 모습을 구경한다."
P0184,성북구,문화 마을,정보도서관 열람실,도서관/학습,"동네 구립 도서관의 조용한 열람실. 책과 노트를 펼쳐 공부하거나, 혼자 책을 읽거나, 과제를 한다."
P0185,성북구,문화 마을,정보도서관 자료실,도서관/학습,"책이 빼곡한 구립 도서관 자료실. 읽고 싶은 책을 찾아 빌리거나, 서가 사이에서 자료를 살펴본다."
P0186,성북구,문화 마을,북정마을 골목,산책/등산,"오르막이 이어지는 오래된 주택가 골목. 동네 풍경을 둘러보며 걷거나, 사진을 찍거나, 조용히 산책한다."
P0187,성북구,문화 마을,종합레포츠타운,운동시설,"수영장과 헬스장, 실내 체육관이 있는 동네 종합 체육시설. 꾸준히 운동하거나, 수영이나 운동 강좌를 듣거나, 친구와 함께 운동한다."
P0188,성북구,문화 마을,국시집,음식점,"손칼국수와 국시를 파는 조용한 식당. 혼자 따뜻한 국수를 먹거나, 부모님이 오셨을 때 함께 식사하거나, 조용히 한 끼를 보낸다."
P0189,성북구,문화 마을,동물병원,의료시설,"반려동물을 진료하는 동네 동물병원. 반려동물 진료를 받거나, 예방접종을 하거나, 건강 상담을 한다."
P0190,성북구,문화 마을,간송미술관,전시/박물관,"옛 그림과 유물을 전시하는 조용한 미술관. 전시를 관람하며 감상을 정리하거나, 친구와 작품 이야기를 나누거나, 데이트로 들른다."
P0191,성북구,문화 마을,구립미술관,전시/박물관,"동네 구립 미술관의 전시 공간. 전시를 천천히 둘러보거나, 혼자 감상을 정리하거나, 함께 온 사람과 이야기한다."
P0192,성북구,문화 마을,교회,종교시설,"동네 교회. 예배에 참여하거나, 조용히 기도하며 생각을 정리하거나, 교회 모임에 나간다."
P0193,성북구,문화 마을,김밥레코즈,취미/소품 쇼핑,"LP와 음반을 파는 작은 레코드 가게. 음반을 둘러보며 듣고 싶은 음악을 고르거나, 선물용 음반을 사거나, 매장에 흐르는 음반을 들으며 구경한다."
P0194,성북구,문화 마을,수연산방,카페,"한옥을 개조한 조용한 전통 찻집. 차를 마시며 차분하게 쉬거나, 한옥 분위기 속에서 대화하거나, 책을 읽는다."
P0195,성북구,쇼핑 거리,세븐스타 코인노래방,노래방/게임,"곡 단위로 부르는 코인노래방. 친구와 노래를 부르며 쉬거나, 혼자 스트레스를 풀거나, 술자리 뒤 2차로 들른다."
P0196,성북구,쇼핑 거리,샘물분식,음식점,"떡볶이와 순대를 파는 동네 분식집. 가볍게 배를 채우거나, 친구와 나눠 먹거나, 포장해 간다."
P0197,성북구,쇼핑 거리,코칠리파스타,음식점,"파스타와 리조또를 파는 대학가 식당. 친구와 점심을 먹거나, 데이트 약속을 하거나, 분위기 있는 저녁을 먹는다."
P0198,성북구,쇼핑 거리,성당,종교시설,"동네 성당. 미사에 참여하거나, 조용히 기도하며 생각을 정리하거나, 성당 모임에 나간다."
P0199,성북구,쇼핑 거리,CU 편의점,편의점,"돈암의 동네 편의점. 장보는 길에 음료나 간식을 사거나, 잠깐 쉬거나, 밤에 필요한 물건을 산다."
P0200,성북구,쇼핑 거리,네일 미야오,생활서비스,"손톱 관리를 받는 작은 네일숍. 네일 색과 모양을 고르며 손질을 받거나, 약속 전에 관리를 받는다."
P0201,성북구,쇼핑 거리,로데오거리,시장/상가,"옷가게와 음식점, 상점이 늘어선 활기찬 거리. 친구와 쇼핑하며 걷거나, 먹을 곳을 고르거나, 구경하며 시간을 보낸다."
P0202,성북구,쇼핑 거리,CGV,영화관,"여러 상영관이 있는 멀티플렉스 영화관. 친구나 연인과 영화를 보거나, 상영 전 매점에서 팝콘을 사거나, 혼자 영화를 본다."
P0203,성북구,쇼핑 거리,오브젝트 소품샵,취미/소품 쇼핑,"문구와 작은 소품을 파는 편집숍. 선물을 고르거나, 예쁜 문구를 구경하거나, 친구와 둘러보며 시간을 보낸다."
P0204,성북구,쇼핑 거리,사유커피,카페,"디저트가 맛있는 대학가 개인 카페. 커피와 디저트를 먹으며 쉬거나, 친구와 이야기하거나, 조용히 과제를 한다."
P0205,성북구,쇼핑 거리,지하철역 대합실,교통시설,"돈암의 지하철역 대합실. 역 주변에서 약속 상대를 기다리거나, 이동 방향을 확인하거나, 비를 피해 잠깐 머문다."
P0206,성북구,쇼핑 거리,지하철역 승강장,교통시설,"돈암의 지하철역 승강장. 열차를 기다리며 다음 목적지로 향하거나 귀가한다."
P0207,성북구,쇼핑 거리,메이크베러띵스,카페,"넓고 밝은 개인 카페. 약속 사이를 쉬어 가거나, 노트북으로 작업하거나, 친구와 오래 이야기한다."
P0208,성북구,역 앞 상가,지하철역 대합실,교통시설,"길음의 지하철역 대합실. 버스나 지하철을 타기 전 일행과 만나거나, 이동을 준비한다."
P0209,성북구,역 앞 상가,이마트,마트/생활용품,"식재료와 생활용품을 파는 대형 마트. 장을 보거나, 자취에 필요한 물건을 사거나, 친구와 함께 간식을 고른다."
P0210,성북구,역 앞 상가,현대백화점,시장/상가,"여러 브랜드 매장과 식당가가 있는 백화점. 옷과 선물을 고르거나, 식당가에서 밥을 먹거나, 구경하며 시간을 보낸다."
P0211,성북구,역 앞 상가,CGV,영화관,"길음의 멀티플렉스 영화관. 영화를 보거나, 상영 전 일행을 기다리거나, 혼자 조용히 영화를 본다."
P0212,성북구,역 앞 상가,미아리고개 버스정류장,교통시설,"언덕길 위의 버스정류장. 버스를 기다리며 이동을 준비하거나, 일행과 만난다."
P0213,성북구,역 앞 상가,미아리고개 보행 연결로,산책/등산,"언덕을 넘어 동네를 잇는 보행길. 걸어서 이동하거나, 잠시 숨을 돌리며 동네를 내려다본다."
P0214,성북구,역 앞 상가,카페드리옹,카페,"디저트가 다양한 동네 카페. 디저트와 음료를 곁들이며 이야기하거나, 조용히 쉬거나, 약속을 기다린다."
P0215,근교,해변,백사장 산책길,해변/수변,"모래사장과 파도가 이어진 넓은 해변 산책길. 바다를 보며 걷거나, 모래에 앉아 쉬거나, 해 질 녘 친구와 사진을 찍고 이야기를 나눈다."
P0216,근교,해변,방파제,해변/수변,"바다로 길게 뻗은 방파제. 바람을 쐬며 걷거나, 바다와 항구를 바라보거나, 밤에 앉아 조용히 이야기한다."
P0217,근교,해변,서프스쿨,운동시설,"장비를 빌려 서핑을 배우는 해변 서핑 학교. 강습을 받거나, 친구와 함께 파도를 타거나, 처음 서핑을 체험한다."
P0218,근교,해변,엣지993,카페,"바다가 보이는 통창 카페. 커피를 마시며 바다를 바라보거나, 해변 산책을 쉬어 가거나, 친구와 사진을 찍는다."
P0219,근교,해변,보사노바 커피로스터스,카페,"바닷가의 로스터리 카페. 바다를 보며 커피를 마시거나, 여행 중 쉬어 가거나, 조용히 이야기를 나눈다."
P0220,근교,해변,조개상회,음식점,"바닷가의 조개구이 집으로 여럿이 둘러앉기 좋다. 일행과 조개를 구워 나눠 먹거나, 바다를 보며 저녁을 먹거나, 소주를 곁들여 이야기한다."
P0221,근교,해변,비치바,술집,"모래사장 위에 선 야외 바. 바닷바람을 맞으며 칵테일이나 맥주를 마시거나, 해 질 녘 음악을 들으며 이야기하거나, 서핑 뒤 쉬어 간다."
P0222,근교,놀이공원,놀이기구 구역,놀이/테마시설,"롤러코스터와 회전 놀이기구가 모인 놀이공원 중심 구역. 친구나 연인과 놀이기구를 타거나, 줄을 서며 이야기하거나, 하루 종일 나들이를 즐긴다."
P0223,근교,놀이공원,동물 관람 구역,놀이/테마시설,"여러 동물을 볼 수 있는 놀이공원 동물원 구역. 동물을 구경하며 걷거나, 사진을 찍거나, 함께 온 사람과 이야기한다."
P0224,근교,놀이공원,아쿠아리움,놀이/테마시설,"수조 터널이 있는 실내 아쿠아리움. 물속 생물을 구경하며 걷거나, 비 오는 날 실내 나들이를 하거나, 데이트로 들른다."
P0225,근교,놀이공원,아이스링크,운동시설,"놀이공원 안의 실내 아이스링크. 스케이트를 타거나, 친구와 손잡고 균형을 잡으며 놀거나, 링크 밖에서 구경한다."
P0226,근교,놀이공원,기념품 상점,취미/소품 쇼핑,"인형과 캐릭터 소품을 파는 놀이공원 기념품 가게. 방문 기념품을 사거나, 선물을 고르거나, 머리띠를 사서 써 본다."
P0227,한강,강변공원,잔디 쉼터,공원/광장,"강을 바라보며 돗자리를 펴고 쉬는 넓은 야외 잔디밭. 치킨이나 맥주를 사 와 나눠 먹거나, 자전거·산책 뒤 쉬어 가거나, 저녁에 야경을 보며 오래 이야기하기 좋다."
P0228,한강,강변공원,수변 쉼터,공원/광장,"강 바로 앞에 계단과 벤치가 있는 수변 쉼터. 강을 보며 앉아 쉬거나, 편의점 음식을 먹거나, 밤에 야경을 보며 이야기한다."
P0229,한강,강변공원,자전거길,운동시설,"강을 따라 길게 이어진 자전거길과 산책로. 자전거를 빌려 타거나, 러닝을 하거나, 바람을 맞으며 걷는다."
P0230,한강,강변공원,당일 캠핑장,공원/광장,"낮부터 저녁까지만 이용하는 강변 당일 캠핑장. 그늘막을 치고 함께 고기를 구워 먹거나, 불을 피우고 이야기하거나, 강을 보며 쉬어 간다."
P0231,한강,강변공원,행사 먹거리 구역,행사/컨벤션,"주말마다 푸드트럭이 늘어서는 강변 광장. 먹거리를 사 먹거나, 버스킹을 구경하거나, 친구와 돌아다니며 간식을 고른다."
P0232,도심,번화가,무신사 스토어,패션/뷰티 쇼핑,"여러 브랜드 옷과 신발을 파는 큰 패션 매장. 옷을 입어 보며 고르거나, 친구와 스타일을 비교하거나, 신상품을 구경한다."
P0233,도심,번화가,옴니피플 빈티지,패션/뷰티 쇼핑,"빈티지 옷을 파는 가게. 독특한 옷을 골라 입어 보거나, 친구와 어울리는 옷을 찾아 주거나, 구경하며 시간을 보낸다."
P0234,도심,번화가,탬버린즈,패션/뷰티 쇼핑,"향수와 핸드크림 같은 향 제품을 파는 감각적인 매장. 향을 비교해 보거나, 선물을 고르거나, 매장 전시를 구경한다."
P0235,도심,번화가,다이소,마트/생활용품,"생활 잡화를 싸게 파는 매장. 자취 용품이나 정리용품을 사거나, 과제 준비물을 구하거나, 둘러보며 구경한다."
P0236,도심,번화가,교보문고,서점/문구,"책과 문구가 가득한 대형 서점. 읽을 책을 고르거나, 서서 책을 훑어보거나, 서점에서 만날 사람을 기다린다."
P0237,도심,번화가,레드버튼 보드게임카페,노래방/게임,"여러 보드게임을 빌려 하는 카페. 친구와 테이블에 둘러앉아 게임을 하거나, 처음 만난 사람과 어색함을 풀거나, 음료를 마시며 논다."
P0238,도심,번화가,비트포비아 방탈출,노래방/게임,"제한 시간 안에 단서를 풀어 탈출하는 방탈출 카페. 친구와 머리를 맞대 문제를 풀거나, 팀워크를 겨루거나, 데이트로 즐긴다."
P0239,도심,번화가,짱오락실,노래방/게임,"아케이드 게임과 인형 뽑기가 있는 오락실. 친구와 가볍게 게임을 겨루거나, 인형을 뽑거나, 시간을 보낸다."
P0240,도심,번화가,한아름볼링장,운동시설,"여러 레인이 있는 볼링장. 친구와 점수를 겨루거나, 팀을 나눠 볼링을 치거나, 모임 뒤 함께 논다."
P0241,도심,번화가,뤼미에르퍼퓸 향수공방,체험/공방,"향료를 섞어 나만의 향수를 만드는 공방. 향을 비교하며 향수를 만들거나, 친구나 연인과 체험하거나, 선물용으로 만든다."
P0242,도심,번화가,원데이 공방,체험/공방,"하루 수업으로 작은 작품을 만드는 공방. 도자기나 소품을 만들어 보거나, 친구와 함께 체험하거나, 데이트로 들른다."
P0243,도심,번화가,어니언,카페,"빵과 커피로 유명한 넓은 카페. 빵을 골라 먹으며 쉬거나, 번화가를 둘러보기 전 일행과 만나거나, 사진을 찍는다."
P0244,도심,번화가,블루보틀,카페,"스페셜티 커피를 파는 깔끔한 카페. 커피를 마시며 산책 사이 쉬거나, 조용히 이야기하거나, 혼자 커피를 즐긴다."
P0245,도심,번화가,카페꼼마,카페,"책장이 벽을 채운 북카페. 책을 펼쳐 읽거나, 커피를 마시며 쉬거나, 조용히 과제를 한다."
P0246,도심,번화가,브랜드 팝업 공간,행사/컨벤션,"기간마다 다른 브랜드 행사가 열리는 팝업 공간. 새 상품과 전시를 구경하거나, 체험 이벤트에 참여하거나, 친구와 사진을 찍는다."
P0247,도심,번화가,그라운드시소,전시/박물관,"사진과 영상 위주의 기획 전시관. 전시를 둘러보며 사진을 찍거나, 인상적인 장면을 이야기하거나, 데이트로 관람한다."
P0248,도심,번화가,패스트파이브 업무실,직장/업무,"책상과 회의실을 빌려 쓰는 공유 오피스. 인턴이나 아르바이트로 일하거나, 노트북으로 업무를 하거나, 동료와 짧게 회의한다."
P0249,도심,번화가,워크토크 회의실,직장/업무,"시간 단위로 빌리는 회의실. 팀플이나 스터디 모임을 하거나, 발표를 준비하거나, 동아리 회의 장소로 빌린다."
P0250,도심,번화가,쉐이크쉑,음식점,"버거와 감자튀김을 파는 캐주얼 식당. 쇼핑 중 간단히 식사하거나, 친구와 점심 약속을 하거나, 혼자 빠르게 한 끼를 먹는다."
P0251,도심,번화가,툭툭누들타이,음식점,"태국 요리를 파는 식당. 친구와 여러 요리를 나눠 먹거나, 새로운 맛을 시도하거나, 데이트로 저녁을 먹는다."
P0252,도심,번화가,나베공방,술집,"따뜻한 나베와 사케를 파는 아늑한 이자카야. 친구와 안주를 나누며 저녁 이야기를 하거나, 몇 명이서 조용히 한잔하거나, 모임 뒤 2차로 들른다."
P0253,도심,종합운동장,야구장 관람석,경기장,"야구 경기가 열리는 야구장 관람석. 응원하며 경기를 보거나, 치킨과 맥주를 먹으며 친구와 이야기하거나, 응원가를 함께 부른다."
P0254,도심,종합운동장,축구장 관람석,경기장,"축구 경기가 열리는 경기장 관람석. 경기를 보며 함께 응원하거나, 경기 흐름을 이야기하거나, 친구와 나들이 삼아 간다."
P0255,도심,종합운동장,실내 야구 연습장,운동시설,"배팅 케이지가 있는 실내 야구 연습장. 공을 치며 타격 연습을 하거나, 친구와 점수를 겨루거나, 가볍게 몸을 푼다."
P0256,도심,종합운동장,실내체육관,경기장,"관중석이 코트를 둘러싼 실내 경기장으로 농구와 배드민턴 경기가 자주 열리고, 경기가 없는 날에는 콘서트도 열린다. 경기를 보며 응원하거나, 동아리 대회에 선수로 나가거나, 콘서트를 보러 온다."
P0257,도심,종합운동장,보조구장,운동시설,"종합운동장 옆 잔디 보조 경기장으로 아마추어 축구·야구 대회가 자주 열린다. 동아리 대회에 선수로 뛰거나, 친구를 응원하거나, 주말에 연습 경기를 한다."
P0258,성북구,주택가,집,주거,"골목 안쪽의 조용한 개인 공간. 혼자 쉬거나 씻고 자며 하루를 시작하고 마치는 곳이다."
